S.No,Image Name,User1,User1,User1,User2,User2,User2,User3,User3,User3,
,,M1,M2,M3,M1,M2,M3,M1,M2,M3,
1,103106960_e8a41d64f8,1,1,5,3,1,5,2,1,5,
2,103106960_e8a41d64f9,1,1,5,3,1,4,2,1,5,
3,103106960_e8a41d64f10,1,1,5,3,2,5,1,1,5,
4,103106960_e8a41d64f11,1,2,5,3,2,5,1,1,5,
5,103106960_e8a41d64f12,1,1,4,1,1,5,1,1,5,
6,103106960_e8a41d64f13,1,2,5,3,1,5,1,2,5,
7,103106960_e8a41d64f14,1,1,4,2,1,5,1,1,5,
8,103106960_e8a41d64f15,1,1,5,3,1,5,1,1,5,
9,103106960_e8a41d64f16,1,2,4,3,1,5,1,1,4,
10,103106960_e8a41d64f17,1,3,5,3,1,5,1,1,5,
11,103106960_e8a41d64f18,1,1,5,3,1,4,1,1,5,
12,101654506_8eb26cfb60,2,4,3,4,3,4,2,3,5,
13,101669240_b2d3e7f17b,4,3,5,3,3,5,2,4,5,
14,102351840_323e3de834,3,1,5,2,1,4,2,1,5,
15,102455176_5f8ead62d5,4,2,5,3,1,4,3,1,5,
16,103106960_e8a41d64f8,3,1,5,2,1,4,3,1,5,
17,103195344_5d2dc613a3,3,1,5,3,1,5,3,1,4,
18,103205630_682ca7285b,2,3,4,3,3,5,2,3,5,
19,104136873_5b5d41be75,2,3,5,3,2,5,2,2,4,
20,105342180_4d4a40b47f,3,3,5,3,2,4,3,2,5,
21,106490881_5a2dd9b7bd,3,2,4,3,1,5,3,1,5,
22,106514190_bae200f463,3,2,5,3,1,5,4,2,4,
23,107318069_e9f2ef32de,1,3,4,3,2,4,2,2,5,
24,107582366_d86f2d3347,2,2,4,3,2,4,2,2,5,
25,10815824_2997e03d76,2,1,5,2,1,5,3,1,4,
26,108898978_7713be88fc,4,3,4,3,2,4,3,2,5,
27,108899015_bf36131a57,2,1,4,3,1,5,3,1,5,
28,109202756_b97fcdc62c,2,2,5,3,2,5,3,2,5,
29,109202801_c6381eef15,2,2,4,3,2,4,3,2,4,
30,109260216_85b0be5378,2,1,4,1,1,5,3,1,5,
31,109260218_fca831f933,2,1,5,3,1,5,3,2,5,
32,109671650_f7bbc297fa,3,3,4,3,2,5,3,2,5,
33,109738763_90541ef30d,2,1,4,2,1,5,3,1,4,
34,109738916_236dc456ac,3,1,4,2,1,4,3,2,5,
35,109823394_83fcb735e1,2,2,5,2,2,4,3,2,5,
36,109823395_6fb423a90f,2,2,4,2,1,4,3,2,5,
37,109823397_e35154645f,3,3,4,3,2,5,3,2,4,
38,110595925_f3395c8bd6,2,2,4,3,2,4,3,2,4,
39,111497985_38e9f88856,3,2,4,3,2,5,3,2,5,
40,111537217_082a4ba060,2,1,5,2,1,5,2,1,5,
41,111537222_07e56d5a30,3,1,5,3,1,5,3,1,5,
42,111766423_4522d36e56,3,3,5,3,2,5,3,2,5,
43,112178718_87270d9b4d,3,3,4,3,3,4,3,3,5,
44,112243673_fd68255217,2,1,4,1,1,4,3,1,5,
45,113678030_87a6a6e42e,2,3,4,3,2,5,3,2,5,
46,114051287_dd85625a04,4,3,4,3,2,5,3,2,5,
47,115684808_cb01227802,2,2,4,2,2,5,1,1,3,
48,116409198_0fe0c94f3b,3,2,4,3,2,5,3,1,5,
49,118309463_a532b75be9,3,2,4,3,1,5,3,1,5,
50,121800200_bef08fae5f,4,1,3,1,1,3,4,1,3,
51,121971540_0a986ee176,3,1,4,2,1,4,3,1,4,
52,123889082_d3751e0350,3,3,4,3,3,4,3,3,5,
53,124195430_d14028660f,4,2,4,3,1,4,5,2,4,
54,124881487_36e668145d,3,2,5,3,2,5,3,2,5,
55,124972799_de706b6d0b,3,1,4,3,1,4,3,1,5,
56,125319704_49ead3463c,3,2,4,2,2,4,3,1,5,
57,127450902_533ceeddfc,2,2,5,3,2,5,2,2,5,
58,127488876_f2d2a89588,2,1,4,2,1,4,3,1,5,
59,127490019_7c5c08cb11,3,1,4,2,1,4,2,1,4,
60,12830823_87d2654e31,3,1,5,2,1,5,2,1,5,
61,128912885_8350d277a4,3,3,4,3,3,5,2,2,4,
62,129599450_cab4e77343,3,2,5,3,2,4,3,1,5,
63,132489044_3be606baf7,2,1,5,2,1,5,2,1,5,
64,133189853_811de6ab2a,3,2,4,2,1,4,2,1,5,
65,133905560_9d012b47f3,3,3,4,3,2,4,3,2,5,
66,134724228_30408cd77f,2,2,5,3,2,4,3,2,5,
67,134894450_dadea45d65,2,2,4,3,3,5,3,4,4,
68,135235570_5698072cd4,2,2,5,2,2,4,3,2,4,
69,136552115_6dc3e7231c,2,3,4,3,2,5,3,2,5,
70,136639119_6040b00946,2,2,4,3,2,5,2,3,5,
71,136644343_0e2b423829,3,2,4,2,2,5,2,2,5,
72,136644885_f7d2bbf546,4,1,4,2,1,4,3,1,5,
73,136886677_6026c622eb,3,3,4,4,4,5,3,3,5,
74,138705546_be7a6845dd,3,3,4,3,2,4,3,2,5,
75,138718600_f430ebca17,3,2,4,2,1,4,3,1,5,
76,140377584_12bdbdf2f8,3,2,4,3,3,4,3,2,5,
77,140430106_2978fda105,3,2,4,2,1,5,3,1,5,
78,140526326_da07305c1c,3,2,5,2,1,5,3,1,5,
79,140526327_3cb984de09,3,1,5,2,1,4,3,1,4,
80,141139674_246c0f90a1,4,2,4,3,3,4,3,3,5,
81,141755290_4b954529f3,3,1,4,2,1,4,3,1,5,
82,141755292_7a0b3364cf,3,2,4,4,1,4,3,1,5,
83,142802798_962a4ec5ce,3,3,4,3,2,4,3,3,5,
84,143237785_93f81b3201,3,3,4,3,3,4,2,3,5,
85,143552697_af27e9acf5,3,4,5,4,3,5,3,3,5,
86,143552829_72b6ba49d4,3,1,4,3,1,4,3,1,5,
87,143680442_2f03f76944,3,3,4,3,3,4,3,2,5,
88,143680966_0010ff8c60,2,3,4,4,3,4,3,3,4,
89,143684568_3c59299bae,2,3,5,4,3,4,2,3,5,
90,143688283_a96ded20f1,3,3,5,3,3,4,2,3,5,
91,145721496_687af9bb18,3,3,4,3,3,4,3,3,5,
92,145721498_a27d2db576,3,3,4,3,2,5,3,3,5,
93,146098876_0d99d7fb98,3,3,4,3,2,4,2,3,5,
94,146100443_906d87faa2,3,1,4,2,1,5,3,1,5,
95,146577645_91b570c0d0,2,3,4,3,3,5,2,3,5,
96,146577646_9e64b8c2dc,2,3,4,3,3,4,2,3,5,
97,148512773_bae6901fd6,3,3,4,3,4,4,3,3,5,
98,150387174_24825cf871,3,3,4,3,2,5,3,2,4,
99,150582765_bad8dec237,3,3,4,3,3,4,3,3,5,
100,152029243_b3582c36fa,2,3,5,3,2,5,2,2,4,
101,154871781_ae77696b77,3,1,4,2,1,5,3,1,5,
102,155221027_b23a4331b7,3,2,5,2,1,4,3,1,5,
103,156967462_72db9b722c,3,3,4,3,2,5,3,2,4,
104,157139628_5dc483e2e4,1,1,5,2,1,4,3,1,5,
105,160566014_59528ff897,3,1,4,2,1,4,3,1,5,
106,160792599_6a7ec52516,3,2,4,3,2,5,4,2,5,
107,160805827_5e6646b753,3,2,5,3,2,4,3,2,5,
108,161669933_3e7d8c7e2c,2,2,5,3,2,4,3,2,5,
109,161905204_247c6ca6de,1,3,4,3,2,5,2,2,5,
110,166321294_4a5e68535f,3,3,5,3,2,4,3,2,5,
111,166433861_70b66cd381,3,2,5,3,2,5,3,2,4,
112,166507476_9be5b9852a,3,1,4,2,1,4,3,1,5,
113,166654939_80ea4ddbcc,2,2,5,3,2,5,3,2,5,
114,167295035_336f5f5f27,2,3,5,3,1,5,3,2,5,
115,169490297_b6ff13632a,3,1,4,2,1,4,3,1,5,
116,170100272_d820db2199,2,1,4,2,1,5,2,1,4,
117,172092461_a9a9762e13,2,2,5,3,2,4,2,1,5,
118,172092464_d9eb4f4f2f,3,2,4,3,2,5,3,2,5,
119,17273391_55cfc7d3d4,3,1,5,2,1,4,3,1,5,
120,173020287_230bfc4ffc,3,1,5,2,1,5,3,1,4,
121,174466741_329a52b2fe,3,2,4,2,2,5,3,2,5,
122,177302997_5b2d770a0a,3,2,4,3,3,4,3,3,5,
123,179829865_095b040377,3,3,4,3,3,4,3,4,5,
124,180094434_b0f244832d,3,2,4,2,1,4,3,2,5,
125,181103691_fb2f956abd,2,3,5,3,3,4,3,3,5,
126,181157221_e12410ef0b,3,3,4,3,2,4,3,3,5,
127,181415975_2627aa6668,3,3,4,3,3,3,3,3,5,
128,181777261_84c48b31cb,3,2,4,2,2,3,3,2,5,
129,182493240_40410254b0,3,3,5,3,2,4,3,3,5,
130,185972340_781d60ccfd,2,2,4,3,2,4,3,1,5,
131,186346360_541047336f,2,3,5,3,3,4,2,3,5,
132,186348874_75b2cf1ec5,3,3,4,3,3,5,3,3,5,
133,186890601_8a6b0f1769,3,3,4,3,3,4,3,3,5,
134,186890605_ddff5b694e,4,3,4,3,3,3,4,3,4,
135,189721896_1ffe76d89e,3,3,4,3,3,5,3,3,4,
136,189740668_0b045f1ff2,2,2,5,3,2,4,3,3,4,
137,241109594_3cb90fe2a3,2,3,4,3,3,5,2,3,5,
138,242064301_a9d12f1754,1,2,4,2,1,4,1,1,5,
139,244571201_0339d8e8d1,2,3,4,3,3,5,2,3,4,
140,250892549_1e06a06a78,3,3,4,3,3,5,3,3,4,
141,251056963_c8b67f0107,3,2,5,3,1,4,3,1,5,
142,251586160_a31b187a37,1,2,4,2,2,4,2,2,4,
143,251792066_b5233b3d86,3,2,4,2,2,5,3,3,4,
144,251958970_fa6b423f23,1,3,4,3,2,4,2,2,5,20
145,252124738_796599e94b,3,1,4,1,1,5,3,1,4,
146,252504549_135b0db5a3,3,4,4,4,3,4,3,4,5,
147,252578659_9e404b6430,3,3,4,4,3,4,3,3,4,
148,252802010_3d47bee500,3,3,4,3,2,5,3,3,4,
149,252846811_7b250935a7,2,3,4,3,2,4,3,3,5,
150,253762507_9c3356c2f6,2,3,4,3,3,4,2,3,5,
151,254295381_d98fa049f4,3,2,4,3,1,5,3,1,5,
152,254475194_3d8f4dfd53,3,1,4,1,2,4,3,1,5,
153,254527963_3f5824b0e8,2,3,4,3,3,4,3,3,4,
154,254901702_67ada9867c,2,3,4,3,3,4,3,3,5,
155,255091927_2eb643beb2,3,2,5,3,2,4,3,2,5,
156,255091930_aa2b5c0eb9,3,2,4,2,1,5,3,2,4,
157,255266148_7ba7df1a88,3,2,4,2,2,4,3,2,5,
158,255330891_86d65dfdbf,2,2,4,2,2,4,1,1,5,
159,255741044_1102982213,2,2,4,2,2,4,1,2,5,
160,256085101_2c2617c5d0,2,1,4,3,1,5,3,1,4,
161,256283122_a4ef4a17cb,3,2,4,3,2,5,2,2,4,
162,256292144_b53aadae27,3,2,5,2,1,4,3,1,5,
163,256439287_990ac4a761,3,1,4,1,1,4,3,1,5,
164,256958382_b9006bfc5b,2,2,5,2,1,4,3,1,5,
165,257588281_39e1c9d929,3,3,3,3,2,3,3,3,5,
166,258476074_f28f4a1ae6,1,1,5,1,1,4,3,1,5,
167,259314892_a42b8af664,3,1,4,1,1,5,2,1,5,
168,260162669_c79a900afb,2,2,4,2,1,4,3,3,5,
169,260231029_966e2f1727,3,1,4,1,1,5,3,1,5,
170,260392825_ea61660633,2,3,5,3,2,4,3,3,5,
171,260520547_944f9f4c91,2,3,4,3,3,4,2,3,5,
172,260828892_7925d27865,2,1,4,3,2,4,3,2,4,
173,260850192_fd03ea26f1,3,2,5,2,1,4,2,1,5,
174,261490838_2f3ac98b12,3,1,4,1,1,5,3,1,5,
175,261737543_b8fdc24671,2,3,4,3,2,4,3,3,5,
176,261883591_3f2bca823c,2,2,5,3,3,5,3,2,5,
177,262439544_e71cd26b24,3,1,4,1,1,5,3,1,4,
178,262446581_06ef7d9445,3,1,5,2,2,5,3,1,5,
179,262570082_6364f58f33,3,1,4,2,1,4,3,1,5,
180,262642489_f5c6b9e65b,2,1,5,2,1,4,3,2,5,
181,262681159_e5fed3acf0,3,3,4,3,2,4,2,3,5,
182,262963190_a78b799e89,2,3,4,3,3,5,3,4,5,
183,263216826_acf868049c,3,3,4,3,3,4,2,3,5,
184,263231469_e85c74f5fd,2,3,4,3,3,5,3,3,5,
185,263233914_d25004e4cd,2,3,4,3,3,4,3,3,5,
186,263522013_d118d46b2d,2,1,5,1,1,4,3,1,4,
187,263850317_5bb3a18a08,3,3,4,3,3,4,3,2,4,
188,263854883_0f320c1562,2,3,4,3,3,5,2,2,4,
189,264141937_585320617a,3,3,4,3,2,5,3,3,5,
190,264859622_f3a00ab409,3,3,4,3,2,4,3,2,5,
191,264928854_d9e61f3a8e,3,4,5,4,3,5,3,4,3,
192,265223843_9ef21e1872,3,1,5,1,1,5,3,1,5,
193,265223847_636ba039c1,1,3,5,3,3,5,1,3,5,
194,265528702_8653eab9fa,2,3,3,3,3,5,3,2,5,
195,267015208_d80b3eb94d,1,3,4,3,3,4,2,3,5,
196,267162122_c3437414ec,2,1,4,1,1,5,3,1,5,
197,267164457_2e8b4d30aa,2,3,4,3,2,4,3,2,4,
198,267325341_1a96ef436e,2,3,4,3,2,5,3,2,5,
199,267836606_bbea2267c8,2,3,5,3,3,4,2,3,4,
200,268365231_a0acecdc45,3,3,5,3,3,4,4,3,3,
201,268704620_8a8cef4cb3,3,4,5,3,3,4,2,4,3,
202,269361490_a22ae818bf,3,3,4,3,3,5,3,4,5,
203,269630255_c3ec75c792,3,1,4,3,1,4,3,1,5,
204,269650644_059a84ece5,3,3,4,3,3,4,4,3,3,
205,269898095_d00ac7d7a4,2,1,4,2,1,5,2,2,5,
206,269986132_91b71e8aaa,3,3,5,3,3,4,3,4,5,
207,270724499_107481c88f,3,1,5,3,1,5,4,2,4,
208,270809922_043e3bef06,3,3,5,4,3,3,4,3,4,
209,270816949_ffad112278,3,3,4,3,3,5,3,3,5,
210,270864951_1737ae5479,3,2,4,3,2,5,2,3,5,
211,271177682_48da79ab33,2,3,5,2,3,4,2,3,5,
212,271637337_0700f307cf,3,3,4,3,3,4,3,3,5,
213,271660510_dd4ba34b35,4,3,3,3,3,5,3,4,3,
214,271770120_880e8d8e52,3,3,5,3,3,5,2,3,5,
215,272156850_c4445a53f4,2,2,5,3,2,4,3,3,5,
216,272283076_2d4aa1d5cf,4,1,3,4,1,4,3,2,3,
217,272546805_536c719648,2,1,4,3,1,5,3,2,4,
218,272940778_a184dbea42,2,3,4,2,3,4,2,3,5,
219,272988646_1588bde6a8,3,2,4,3,1,5,3,2,5,
220,273248777_eaf0288ab3,3,1,5,3,2,5,3,2,4,
221,274313927_404d0e94ab,3,1,4,3,2,4,3,2,5,
222,275401000_8829250eb3,3,3,5,3,3,5,4,3,3,
223,275516348_cbccebc125,3,2,5,3,2,5,4,3,3,
224,276356412_dfa01c3c9e,3,1,4,3,1,5,3,1,4,
225,276699720_fe6718fd03,2,3,4,3,3,4,3,3,4,
226,27782020_4dab210360,3,1,4,3,1,5,2,2,4,
227,278002800_3817135105,3,1,4,2,1,5,3,1,4,
228,278002875_d011ae9dc5,4,1,3,3,1,4,4,1,3,
229,278002947_3fd22a2cb6,3,1,4,3,1,5,2,2,5,
230,278007543_99f5a91a3e,3,2,4,3,2,4,3,2,5,
231,278105206_df987b0ca0,2,2,4,3,2,5,2,2,5,
232,278388986_78ba84eb8f,3,4,4,3,3,4,3,3,3,
233,278496691_c1fd93e2d8,3,1,4,3,1,4,3,2,4,
234,278559394_b23af734b9,3,3,4,3,3,5,3,3,4,
235,278608022_4175813019,3,3,5,3,3,5,3,3,4,
236,279550225_d64d56158a,3,4,3,3,3,5,3,3,5,
237,279728508_6bd7281f3c,2,1,5,3,1,5,3,1,5,
238,279901198_e7a88c855a,3,1,5,2,1,5,3,1,5,
239,280706862_14c30d734a,3,2,5,3,2,5,3,2,5,
240,280932151_ae14a67be5,2,3,5,3,3,5,3,3,5,
241,281419391_522557ce27,3,2,5,3,2,5,3,2,5,
242,281754914_bc8119a0ed,3,1,4,3,1,5,3,1,5,
243,282116218_7fd7583d6e,3,1,4,3,1,5,3,1,5,
244,285306009_f6ddabe687,3,3,3,3,3,4,3,3,4,
245,285586547_c81f8905a1,3,2,5,2,2,5,3,2,5,
246,286660725_ffdbdf3481,2,2,5,3,2,5,3,2,4,
247,287999021_998c2eeb91,3,3,4,3,3,5,3,3,5,
248,288025239_5e59ba9c3b,4,1,4,3,1,5,3,2,5,
249,288177922_b889f2e1fe,3,1,5,3,1,4,3,1,5,
250,288880576_818b6ecfef,3,1,4,3,1,4,3,2,4,
251,289599470_cc665e2dfb,3,3,4,3,3,5,3,3,4,
252,290019324_23582048d4,2,3,4,2,3,4,2,3,4,
253,290650302_ade636da35,2,1,5,3,1,5,3,2,5,
254,290982269_79fc9f36dc,3,3,5,2,3,5,3,3,5,
255,291952021_f111b0fb3d,3,3,5,3,3,5,2,3,5,
256,293327462_20dee0de56,3,1,5,3,1,5,4,1,4,
257,294549892_babb130543,3,2,5,3,2,5,2,2,5,
258,294709836_87126898fb,2,1,4,3,1,5,3,1,5,
259,295729735_8360f2e64c,4,1,4,3,1,5,3,1,5,
260,297285273_688e44c014,3,3,5,2,3,4,3,3,5,
261,299178969_5ca1de8e40,3,2,5,2,2,5,3,3,4,
262,299181827_8dc714101b,3,1,4,3,1,5,3,1,5,
263,299612419_b55fe32fea,4,3,4,3,3,5,3,3,5,
264,300148649_72f7f0399c,3,1,5,2,1,5,3,1,5,
265,300222673_573fd4044b,4,1,4,3,1,5,3,1,5,
266,300314926_0b2e4b64f5,3,1,5,4,1,4,3,1,5,
267,300765528_8c8f709dda,3,1,5,2,1,5,3,1,5,
268,302241178_a582c1b953,2,1,5,2,1,5,3,1,5,
269,302983277_69a4e732e4,3,1,5,3,1,5,2,1,5,
270,303795791_98ebc1d19a,2,1,5,2,1,5,3,1,4,
271,304408047_98bab3ea64,3,1,4,3,1,5,3,1,5,
272,305199420_89f6ddd778,2,1,5,3,1,4,2,1,5,
273,310213587_778fe8fb5b,4,1,5,3,1,5,3,1,5,
274,359173181_a75c950aeb,3,1,5,4,1,4,3,1,5,
275,359837950_9e22ffe6c2,2,1,5,2,1,4,2,1,5,
276,360723732_23199af4bf,3,1,4,3,1,4,3,1,5,
277,3635991166_f95304af0a,3,2,3,3,2,5,3,3,5,
278,363617160_6cb0c723be,3,1,5,3,1,4,3,1,5,
279,3638178504_be1ff246bd,3,3,5,4,3,5,3,3,5,
280,364213568_7f83e7d144,3,1,4,3,2,4,3,1,5,
281,36422830_55c844bc2d,3,2,4,3,2,5,3,2,5,
282,365128300_6966058139,2,3,5,2,3,5,2,3,5,
283,365274901_576b0f8241,2,3,5,2,3,5,3,3,5,
284,365584746_681f33fa46,2,3,5,2,3,5,2,3,5,
285,3657209354_cde9bbd2c5,2,1,5,3,1,5,3,1,5,
286,3657503733_9888ccf05e,3,1,5,3,1,5,3,1,5,
287,365759754_6cf7068c9a,2,3,5,2,3,5,2,3,5,
288,366548880_3d3e914746,2,3,5,2,3,5,2,3,5,
289,366713533_bd6d48cf02,4,3,4,3,3,5,3,3,5,
290,3671777903_6fbf643980,3,3,4,3,3,5,3,3,5,
291,3671933270_d124e9a1a4,3,2,4,2,3,4,3,2,5,
292,367673290_f8799f3a85,2,3,4,2,3,5,3,3,5,
293,367925122_335ed279a8,3,1,5,4,1,4,3,1,4,
294,367964525_b1528ac6e4,4,2,4,3,2,4,4,2,4,
295,3682428916_69ce66d375,2,4,4,2,3,5,2,3,5,
296,368393384_86defdcde8,2,3,5,2,3,5,3,3,5,
297,368954110_821ccf005c,2,1,5,3,1,5,3,1,5,
298,369047365_35476becc9,3,1,5,3,1,4,2,1,5,
299,369186134_5eef374112,3,1,4,2,1,5,3,1,5,
300,369360998_ba56fb436f,4,2,4,3,2,5,3,2,5,
301,3694071771_ce760db4c7,3,3,5,4,3,5,3,3,5,
302,369802520_9825f2cd84,3,2,4,3,2,5,3,2,5,
303,3698944019_825ef54f2f,3,1,5,3,1,4,3,1,5,
304,3702607829_2b8b3e65ab,2,3,4,3,3,5,2,3,5,
305,3703413486_3c682732a0,3,1,5,4,1,3,3,1,5,
306,370442541_60d93ecd13,4,3,4,3,3,5,3,3,5,
307,370614351_98b8a166b9,4,2,4,3,2,5,3,2,5,
308,370713359_7560808550,3,3,5,3,3,5,3,3,5,
309,371522748_dc557bcd6c,3,2,4,3,2,5,3,2,5,
310,3726629271_7639634703,3,1,4,2,1,5,3,1,4,
311,3727740053_3baa94ffcb,3,1,4,3,1,5,3,1,4,
312,3729525173_7f984ed776,3,1,5,2,1,5,3,1,5,
313,3738789925_7d17dbdf25,3,1,5,4,1,4,3,1,5,
314,3739833689_a0038545bd,2,2,5,2,2,5,2,3,5,
315,374103776_0de490c1b0,2,3,5,2,3,5,2,3,5,
316,374103842_17873ce505,4,3,4,3,3,5,3,3,5,
317,374103966_2987706be1,3,1,5,3,1,4,3,1,5,
318,374104006_7f32c8c5de,3,1,4,4,1,4,3,1,5,
319,374176648_ba4b88c221,3,3,5,3,3,4,2,3,5,
320,374567836_3ae12ecffb,2,2,4,2,2,4,2,2,5,
321,374828031_9d087da5cf,3,1,4,4,1,4,3,1,5,
322,375171241_0302ad8481,2,3,5,4,3,4,3,3,5,
323,375392855_54d46ed5c8,3,3,5,2,3,5,3,3,4,
324,3767841911_6678052eb6,2,2,5,2,2,4,2,2,5,
325,377872472_35805fc143,3,3,4,3,3,5,3,3,4,
326,378170167_9b5119d918,2,3,5,3,3,4,2,3,5,
327,380041023_0dfd712ef1,2,2,4,2,3,5,2,3,5,
328,380515798_c2abbf46b0,3,1,5,3,2,4,3,2,4,
329,380590140_25b9889772,3,1,5,3,1,4,3,1,5,
330,381052465_722e00807b,2,3,4,2,3,5,2,3,5,
331,382151094_c7376cf22b,2,2,4,2,2,5,2,2,5,
332,382701159_f98c1988cd,2,1,5,2,1,4,2,1,5,
333,384465575_31294122c0,2,3,5,2,3,4,3,3,5,
334,385186343_464f5fc186,3,2,4,2,2,5,3,2,5,
335,386160015_d4b31df68e,3,1,5,2,1,4,3,1,5,
336,386470686_1ae9242878,3,3,4,2,3,5,3,3,5,
337,386656845_4e77c3e3da,3,1,4,2,1,5,3,1,5,
338,387974450_bcd205daac,3,1,5,3,1,4,3,1,5,
339,388386075_9ac3a89ada,3,1,4,3,1,4,3,1,5,
340,390986651_c801db91a0,1,3,5,1,2,5,1,3,3,
341,469969326_4b84073286,2,3,5,1,3,5,1,3,5,
342,470887785_e0b1241d94,1,3,5,1,2,5,1,3,5,
343,470887795_8443ce53d0,1,2,5,1,2,5,1,2,5,
344,470903027_489cc507de,1,3,5,1,2,5,1,3,5,
345,472535997_0dbf42b9f3,1,3,5,1,3,5,1,3,5,
346,472661386_723aae880b,1,3,5,1,2,5,1,3,5,
347,476233374_e1396998ef,1,2,5,1,2,5,1,2,5,
348,476740978_45b65ebe0c,1,2,5,1,1,5,1,1,5,
349,476759700_8911f087f8,1,3,5,1,2,5,1,3,5,
350,478208896_90e7187b64,1,2,5,2,3,5,2,3,5,
351,478209058_21e2c37c73,2,2,5,1,3,5,2,3,5,
352,478592803_f57cc9c461,2,2,5,1,3,5,2,3,5,
353,47870024_73a4481f7d,2,3,5,1,3,5,2,3,5,
354,47871819_db55ac4699,2,4,5,2,3,5,2,4,5,
355,478754346_addb53893c,2,4,5,2,3,5,2,4,5,
356,479807115_3a484fb18b,2,2,5,2,3,5,2,3,5,
357,479807465_cf42f39d00,1,3,5,2,3,5,2,3,5,
358,479807833_85eed6899c,1,3,5,2,4,5,2,3,5,
359,480200554_6155e9dfeb,1,3,5,1,3,5,2,3,5,
360,482088914_e6ea4501e9,1,2,5,2,3,5,2,3,5,
361,482882719_165722082d,1,3,5,1,3,5,1,3,5,
362,483039719_75181b2726,1,3,5,1,3,5,2,3,5,
363,498444334_a680d318a1,1,2,5,1,2,5,1,2,5,
364,529198549_5cd9fedf3f,1,3,5,1,3,5,1,3,5,
365,53043785_c468d6f931,1,2,5,1,3,5,1,3,5,
366,531261613_f1a045cd75,2,2,5,2,3,5,2,3,5,
367,532131603_c82d454c8a,1,3,5,1,3,5,1,3,5,
368,533713001_2d36e93509,1,3,5,1,3,4,1,2,5,
369,534056823_0752303702,1,2,4,1,2,5,1,2,5,
370,534056823_0752303703,1,2,5,1,2,5,1,2,5,
371,534056823_0752303704,1,2,5,1,3,5,1,3,5,
372,534056823_0752303705,1,3,5,1,3,5,2,3,5,
373,534056823_0752303706,1,3,5,1,3,5,1,3,5,
374,534056823_0752303707,1,2,5,1,2,5,1,2,5,
375,534056823_0752303708,2,3,5,2,3,5,4,3,5,
376,534056823_0752303709,1,3,5,1,2,5,1,3,5,
377,534056823_0752303710,1,2,5,1,3,5,1,3,5,
378,534056823_0752303711,1,3,5,1,2,4,1,2,5,
379,534056823_0752303712,1,3,5,1,3,4,1,3,5,
380,534056823_0752303713,1,2,4,1,2,5,1,2,5,
381,534056823_0752303714,1,3,5,1,2,5,1,3,5,
382,534056823_0752303715,1,2,5,1,2,4,1,3,5,
383,534056823_0752303716,1,3,5,1,2,5,1,3,5,
384,534056823_0752303717,1,3,5,1,2,5,1,2,5,
385,534056823_0752303718,1,3,5,1,2,5,1,3,5,
386,534056823_0752303719,1,3,4,1,3,5,1,3,5,
387,534056823_0752303720,1,3,2,1,2,4,1,3,4,
388,534056823_0752303721,1,2,5,1,3,5,1,3,5,
389,534056823_0752303722,1,3,5,1,2,5,1,3,5,
390,534056823_0752303723,1,2,5,1,2,5,1,3,5,
391,534056823_0752303724,3,3,5,3,3,5,3,3,5,
392,534056823_0752303725,1,3,4,1,3,5,1,3,5,
393,534056823_0752303726,2,2,5,2,2,5,2,2,5,
394,534056823_0752303727,1,2,5,1,3,5,1,3,5,
395,534056823_0752303728,2,3,4,2,2,5,2,3,5,
396,534056823_0752303729,1,3,4,1,2,5,1,3,5,
397,534056823_0752303730,1,3,4,1,2,5,1,3,5,
398,534056823_0752303731,2,3,4,2,3,5,2,2,5,
399,534056823_0752303732,1,3,5,1,3,5,1,3,5,
400,534056823_0752303733,1,2,5,1,2,4,1,2,5,
401,534056823_0752303734,1,2,5,1,2,4,1,2,5,
402,534056823_0752303735,1,3,5,1,2,5,1,3,5,
403,534056823_0752303736,1,3,5,1,2,4,1,3,5,
404,534056823_0752303737,1,2,5,1,3,5,1,3,5,
405,534056823_0752303738,1,2,5,1,2,4,1,2,5,
406,534056823_0752303739,1,3,5,1,3,5,1,2,5,
407,534056823_0752303740,1,3,5,1,2,5,1,2,5,
408,534056823_0752303741,1,3,5,1,3,5,2,3,5,
409,534056823_0752303742,1,2,5,1,2,5,1,2,5,
410,534056823_0752303743,1,3,5,1,3,5,1,2,5,
411,534056823_0752303744,1,3,5,1,2,5,1,3,5,
412,534056823_0752303745,1,3,4,1,3,5,1,3,5,
413,534056823_0752303746,1,3,5,1,3,4,1,3,5,
414,534056823_0752303747,1,3,5,1,3,5,1,3,5,
415,534056823_0752303748,1,3,5,1,2,2,1,2,5,
416,534056823_0752303749,1,3,4,1,3,5,1,3,5,
417,534056823_0752303750,1,3,5,1,3,4,1,3,5,
418,534056823_0752303751,1,2,5,1,3,5,1,2,5,
419,534056823_0752303752,1,3,5,1,3,5,1,2,5,
420,534056823_0752303753,1,3,4,1,2,5,1,3,5,
421,534056823_0752303754,1,3,5,1,3,5,1,3,5,
422,534056823_0752303755,1,3,4,1,3,5,1,3,5,
423,534056823_0752303756,1,3,5,1,2,5,1,3,5,
424,534056823_0752303757,1,3,5,1,3,5,1,2,5,
425,534056823_0752303758,1,3,5,1,3,4,1,3,5,
426,534056823_0752303759,1,2,5,1,3,5,1,3,5,
427,534056823_0752303760,1,3,5,1,2,5,1,3,5,
428,534056823_0752303761,1,3,4,1,3,5,1,3,5,
429,534056823_0752303762,1,3,5,1,3,5,1,2,5,
430,534056823_0752303763,1,3,5,1,3,5,1,3,5,
431,534056823_0752303764,1,3,5,1,3,5,1,3,5,
432,534056823_0752303765,1,3,5,1,2,5,1,3,5,
433,534056823_0752303766,1,3,5,1,3,5,1,3,4,
434,534056823_0752303767,1,3,5,1,3,4,1,3,5,
435,534056823_0752303768,1,2,1,1,2,1,1,2,1,
436,534056823_0752303769,1,3,5,1,3,4,1,3,5,
437,534056823_0752303770,1,3,4,1,3,5,1,3,5,
438,534056823_0752303771,1,3,1,1,3,1,1,3,1,
439,534056823_0752303772,1,3,5,1,2,5,1,3,4,
440,534056823_0752303773,1,3,5,1,3,5,1,3,5,
441,534056823_0752303774,1,3,5,1,2,5,1,3,5,
442,534056823_0752303775,1,3,5,1,3,4,1,3,5,
443,534056823_0752303776,1,2,5,1,3,5,1,3,5,
444,534056823_0752303777,1,3,5,1,3,4,1,3,5,
445,534056823_0752303778,1,2,5,1,3,5,1,3,5,
446,534056823_0752303779,1,2,1,1,1,1,1,2,1,
447,534056823_0752303780,1,3,5,1,3,5,1,3,5,
448,534056823_0752303781,1,3,5,1,3,4,1,3,5,
449,534056823_0752303782,1,3,4,1,3,5,1,3,5,
450,534056823_0752303783,1,3,4,1,3,4,1,3,5,
451,534056823_0752303784,1,3,4,1,3,4,1,2,3,
452,534056823_0752303785,1,3,5,1,2,5,1,3,5,
453,534056823_0752303786,1,3,5,1,3,5,1,3,5,
454,534056823_0752303787,1,3,5,1,3,5,1,2,5,
455,534056823_0752303788,1,3,5,1,2,5,1,3,5,
456,534056823_0752303789,1,2,5,1,2,5,1,2,5,
457,534056823_0752303790,1,3,5,1,2,5,1,3,5,
458,534056823_0752303791,1,3,5,1,3,5,1,3,5,
459,534056823_0752303792,1,3,5,1,3,5,1,3,5,
460,534056823_0752303793,1,2,5,1,3,5,1,3,5,
461,534056823_0752303794,1,3,5,1,2,5,1,3,5,
462,534056823_0752303795,1,3,5,1,3,5,1,2,5,
463,534056823_0752303796,1,2,5,1,3,5,1,3,5,
464,534056823_0752303797,1,3,5,1,2,5,1,3,5,
465,534056823_0752303798,1,3,5,1,3,4,1,3,5,
466,534056823_0752303799,1,3,5,4,2,5,1,3,5,
467,534056823_0752303800,1,2,5,1,3,5,1,3,5,
468,534056823_0752303801,1,3,5,1,3,4,1,3,5,
469,534056823_0752303802,1,2,3,1,2,3,1,2,1,
470,534056823_0752303803,1,3,2,1,3,2,1,3,2,
471,534056823_0752303804,1,3,2,1,3,2,1,3,2,
472,534056823_0752303805,1,2,2,1,3,2,1,3,2,
473,534056823_0752303806,1,3,2,1,3,2,1,3,2,
474,534056823_0752303807,1,2,2,1,3,2,1,3,2,
475,534056823_0752303808,1,3,2,1,3,2,1,3,2,
476,534056823_0752303809,2,2,3,1,2,3,2,3,3,
477,534056823_0752303810,2,2,5,2,3,5,2,3,5,
478,534056823_0752303811,1,1,1,1,1,1,1,1,1,
479,534056823_0752303812,1,1,1,1,1,1,1,1,1,
480,534056823_0752303813,1,1,1,1,1,1,1,1,1,
481,534056823_0752303814,1,1,1,1,1,1,1,1,1,
482,534056823_0752303815,1,1,1,1,1,1,1,1,1,
483,534056823_0752303816,1,1,1,1,1,1,1,1,1,
484,534056823_0752303817,1,1,1,1,1,1,1,1,1,
485,534056823_0752303818,1,1,1,1,1,1,1,1,1,
486,534056823_0752303819,1,1,1,1,2,1,1,3,1,
487,COCO_test2014_000000000108.jpg,1,2,5,1,3,5,1,3,5,
488,COCO_test2014_000000000568.jpg,1,3,5,1,3,5,1,3,4,
489,COCO_test2014_000000000732.jpg,1,3,5,1,3,5,1,3,5,
490,COCO_test2014_000000001456.jpg,1,2,5,1,3,5,1,3,5,
491,COCO_test2014_000000004692.jpg,1,3,5,1,3,5,1,3,5,
492,COCO_test2014_000000001650.jpg,1,1,1,1,1,1,1,1,1,
493,COCO_test2014_000000003021.jpg,1,1,1,1,1,1,1,1,1,
494,COCO_test2014_000000003903.jpg,1,1,1,1,1,1,1,1,1,
495,COCO_test2014_000000002252.jpg,1,1,1,1,1,1,1,1,1,
496,COCO_test2014_000000004053.jpg,1,1,1,1,1,1,1,1,1,
497,COCO_test2014_000000003702.jpg,1,1,1,1,1,1,1,1,1,
498,COCO_test2014_000000004914.jpg,1,1,1,1,1,1,1,1,1,
499,COCO_test2014_000000005118.jpg,1,1,1,1,1,1,1,1,1,
500,MSCOCO_test201400000015119.ipg,1,1,1,1,1,1,1,1,1,
